ID,Type,SKU,"GTIN, UPC, EAN, or ISBN",Name,Published,"Is featured?","Visibility in catalog","Short description",Description,"Date sale price starts","Date sale price ends","Tax status","Tax class","In stock?",Stock,"Low stock amount","Backorders allowed?","Sold individually?","Weight (lbs)","Length (in)","Width (in)","Height (in)","Allow customer reviews?","Purchase note","Sale price","Regular price",Categories,Tags,"Shipping class",Images,"Download limit","Download expiry days",Parent,"Grouped products",Upsells,Cross-sells,"External URL","Button text",Position,Brands,"Attribute 1 name","Attribute 1 value(s)","Attribute 1 visible","Attribute 1 global","Attribute 1 default","Attribute 2 name","Attribute 2 value(s)","Attribute 2 visible","Attribute 2 global","Attribute 2 default","Meta: wpr_secondary_image_id","Meta: site-sidebar-layout","Meta: ast-site-content-layout","Meta: site-content-style","Meta: site-sidebar-style","Meta: theme-transparent-header-meta","Meta: _eael_post_view_count","Meta: astra-migrate-meta-layouts","Meta: _wc_facebook_sync_enabled_v2","Meta: fb_visibility","Attribute 3 name","Attribute 3 value(s)","Attribute 3 visible","Attribute 3 global","Attribute 4 name","Attribute 4 value(s)","Attribute 4 visible","Attribute 4 global","Attribute 4 default","Meta: fb_size","Attribute 3 default","Attribute 5 name","Attribute 5 value(s)","Attribute 5 visible","Attribute 5 global","Attribute 5 default","Attribute 6 name","Attribute 6 value(s)","Attribute 6 visible","Attribute 6 global","Meta: _wc_facebook_product_image_source","Meta: fb_mpn","Meta: fb_product_image","Meta: fb_product_images","Meta: fb_product_price"
3272,variable,,,"Standard Retractable Banner",1,0,visible,"Standard retractable banner stands are the perfect balance of strength and durability as your customers are able to easily set up, take down, and transport this product from one event to another.","Standard retractable banner stands are the perfect balance of strength and durability as your customers are able to easily set up, take down, and transport this product from one event to another.",,,taxable,,1,,,0,0,,,,,1,,,,Banners,,,https://wheat-fox-641937.hostingersite.com/wp-content/uploads/2025/11/PR_1246-01_RetractableBanner.png,,,,,,,,,0,,Turnaround,"4 Business Days",1,0,"4 Business Days",Size,"80"" x 33""",1,0,"80"" x 33""",0,default,default,default,default,default,77,set,yes,yes,,,,,,,,,,,,,,,,,,,,,,,,,
3336,variable,,,"Standard Business Cards",1,0,visible,"Printed on superior uncoated stock, standard business cards are available in a wide variety of specs, sizes, and quantities with optional UV coating.","Printed on superior uncoated stock, standard business cards are available in a wide variety of specs, sizes, and quantities with optional UV coating.",,,taxable,,1,,,0,0,,,,,1,,,,"Business Cards",,,https://wheat-fox-641937.hostingersite.com/wp-content/uploads/2025/08/bI.webp,,,,,,,,,0,,Finish,"UV Coated, Matte",1,0,,"Need Design","Yes\, I need a design, No\, I have a design",1,0,"Yes, I need a design",0,default,default,default,default,default,88,set,yes,yes,Quanity,"250, 500, 1000, 2500",1,0,Turnaround,"2-4 Business Days",1,0,"2-4 Business Days",,,,,,,,,,,,,,,,
3383,variable,,,"X-Style Collapsible Outdoor Banner",1,0,visible,"These versatile and economical stands set up in seconds, with a grommeted banner printed in near photo quality on 13oz outdoor scrim vinyl! Banners are easily interchangeable and the unit comes with a slim carrying bag.","These versatile and economical stands set up in seconds, with a grommeted banner printed in near photo quality on 13oz outdoor scrim vinyl! Banners are easily interchangeable and the unit comes with a slim carrying bag.",,,taxable,,1,,,0,0,11,,,,1,,,,Banners,,,https://wheat-fox-641937.hostingersite.com/wp-content/uploads/2025/11/PR_1235-01.png,,,,,,,,,0,,Size,"24 x 36",1,0,"24 x 36",Turnaround,"2-4 Business Days",1,0,"2-4 Business Days",0,default,default,default,default,default,79,set,yes,yes,,,,,,,,,,"24 x 36",,,,,,,,,,,,,,,
3387,variable,,,"Backdrop Banner Stands",1,0,visible,"Telescopic backdrop banner stands bring in the wow factor when it comes to brand recognition for any event. Custom-printed, full-color graphics are printed on durable scrim vinyl for easy cleaning to keep logos always looking fresh.","Telescopic backdrop banner stands bring in the wow factor when it comes to brand recognition for any event. Custom-printed, full-color graphics are printed on durable scrim vinyl for easy cleaning to keep logos always looking fresh.",,,taxable,,1,,,0,0,,,,,1,,,,Banners,,,https://wheat-fox-641937.hostingersite.com/wp-content/uploads/2025/11/PR_1227-01.png,,,,,,,,,0,,Size,"95"" x 96""",1,0,"95"" x 96""",Stock,"130z Scrim Vinyl (Outdoor)",1,0,"130z Scrim Vinyl (Outdoor)",0,default,default,default,default,default,70,set,yes,yes,Turnaround,"4 Business Days",1,0,,,,,,"95"" x 96""","4 Business Days",,,,,,,,,,,,,,
3390,variable,,,"Standard Magnets",1,0,visible,"Help small businesses remind customers of business hours, upcoming sales, and more.","Standard magnets make for vibrant, low-cost messaging tools that don’t get thrown away. Perfect for thank-yous, save-the dates, or upgrading traditional business cards. Help small businesses remind customers of business hours, upcoming sales, and more.",,,taxable,,1,,,0,0,,,,,1,,,,Magnets,,,https://wheat-fox-641937.hostingersite.com/wp-content/uploads/2025/11/PR_3191-01-1.png,,,,,,,,,0,,Quanity,"75, 100, 150, 200",1,0,,Size,"3.5"" x 2""",1,0,"3.5"" x 2""",0,default,default,default,default,default,56,set,yes,yes,Turnaround,"4 Business Days",1,0,,,,,,"3.5"" x 2""","4 Business Days",,,,,,,,,,,,,,
3417,variable,,,"Car Door Magnets",1,0,visible,"Car door magnets are ideally suited for vehicles but can also be used on other surfaces like temporary signs at construction sites or any other changing work environments where metal surfaces are present.","Standard magnets make for vibrant, low-cost messaging tools that don’t get thrown away. Perfect for thank-yous, save-the dates, or upgrading traditional business cards. Help small businesses remind customers of business hours, upcoming sales, and more.",,,taxable,,1,,,0,0,,,,,1,,,,Magnets,,,https://wheat-fox-641937.hostingersite.com/wp-content/uploads/2025/11/car-magnets.webp,,,,,,,,,0,,Stock,"30mil Magnet",1,0,"30mil Magnet",Finish,"UV Coating",1,0,"UV Coating",0,default,default,default,default,default,52,set,yes,yes,Size,"12"" x 24"" (Compact Cars), 18"" x 24"" (Medium Sized), 18"" x 36"" (Trucks/Vans)",1,0,Turnaround,"4 Business Days",1,0,"4 Business Days","12"" x 24"" (Compact Cars) | 18"" x 24"" (Medium Sized) | 18"" x 36"" (Trucks/Vans)","18"" x 24"" (Medium Sized)",,,,,,,,,,,,,,
3422,variable,,,Tablecloths,1,0,visible,"Fully customizable across the entire surface, branded tablecloths add a finished, professional look to table displays, trade show booths, and more. Available in several sizes, they are wrinkle-resistant and machine washable.","Fully customizable across the entire surface, branded tablecloths add a finished, professional look to table displays, trade show booths, and more. Available in several sizes, they are wrinkle-resistant and machine washable.",,,taxable,,1,,,0,0,,,,,1,,,,"Large Format",,,https://wheat-fox-641937.hostingersite.com/wp-content/uploads/2025/11/PR_1240-01-1.png,,,,,,,,,0,,Size,"68"" x 132"", 68"" x 156"", 90"" x 132"", 90"" x 136""",1,0,"68"" x 132""",Stock,"9oz Premium Polyester",1,0,"9oz Premium Polyester",0,default,default,default,default,default,146,set,yes,yes,"Thread Color","Black Thread, White Thread",1,0,Turnaround,"4 Business Days",1,0,,"68"" x 132"" | 68"" x 156"" | 90"" x 132"" | 90"" x 136""","White Thread",,,,,,,,,,,,,,
3434,variable,,,"4x6 Table Tents",1,0,visible,"Ideal product for special promotions, restaurant menus and much more.","Ideal product for special promotions, restaurant menus and much more.",,,taxable,,1,,,0,0,,,,,1,,,,Magnets,,,https://wheat-fox-641937.hostingersite.com/wp-content/uploads/2025/11/PR_3195-01-scaled.png,,,,,,,,,0,,Quanity,"75, 100, 250, 500",1,0,,Size,"4"" x 6""",1,0,"4"" x 6""",0,default,default,default,default,default,49,set,yes,yes,Stock,14pt,1,0,Finish,"No Coating",1,0,"No Coating","4"" x 6""",14pt,Turnaround,"4 Business days",1,0,,,,,,,,,,
3444,variable,,,"Sidewalk Signs",1,0,visible,"<span style=""font-size: 16px;"">Sidewalk Signs are the perfect, portable promotional signage for all-weather outdoor use.</span>","Sidewalk Signs are the perfect, portable promotional signage for all-weather outdoor use. Made of durable plastic, in 3 unique and popular sizes, frames pair with interchangeable 4mm Coroplast inserts.\n\n&nbsp;\n\n&nbsp;",,,taxable,,1,,,0,0,,,,,1,,,,Signs,,,https://wheat-fox-641937.hostingersite.com/wp-content/uploads/2025/11/PR_1231-01.png,,,,,,,,,0,,Size,"24"" x 18""",1,0,,Stock,"4mm White Coroplast",1,0,,0,default,default,default,default,default,24,set,yes,yes,Turnaround,"4 Business Days",1,0,,,,,,"24"" x 18""",,,,,,,,,,,,,,,
3475,variable,,,Postcards/Flyers,1,0,visible,"Printed on premium quality card stock, Postcards are a durable, versatile tool for attracting new business, promoting new deals, and keeping in touch with clients. Stand out in the mail with our next-level range of sizes, stocks and finishes.","Printed on premium quality card stock, Postcards are a durable, versatile tool for attracting new business, promoting new deals, and keeping in touch with clients. Stand out in the mail with our next-level range of sizes, stocks and finishes.",,,taxable,,1,,,0,0,,,,,1,,,,Postcards,,,https://wheat-fox-641937.hostingersite.com/wp-content/uploads/2025/11/PR_3211-01_Postcard.png,,,,,,,,,0,,Finish,"UV Coated, Matte",1,0,"UV Coated","Need Design","Yes\, I need a design., No\, I have a design.",1,0,"Yes, I need a design.",0,default,default,default,default,default,328,set,yes,yes,Quanity,"250, 500, 1000, 2500",1,0,Size,"4"" x 6"", 5""x 8"", 4"" x 4""",1,0,"4"" x 6""","4"" x 6"" | 5""x 8"" | 4"" x 4""",500,Cardstock,16pt,1,0,16pt,Turnaround,"2-4 Business Days",1,0,,,,,
3589,variable,,,"Clear Plastic Business Cards",1,0,visible,"Plastic Cards are waterproof, durable, and ideal for accentuating vibrant colors. Plastic Cards stand apart from traditional stock paper with a distinct texture and strength and are available in 20pt clear, frosted, or white. Get creative and pitch these as membership or loyalty cards—your customers will be thrilled that you did.","Plastic Cards are waterproof, durable, and ideal for accentuating vibrant colors. Plastic Cards stand apart from traditional stock paper with a distinct texture and strength and are available in 20pt clear, frosted, or white. Get creative and pitch these as membership or loyalty cards—your customers will be thrilled that you did.",,,taxable,,1,,,0,0,,,,,1,,,,"Business Cards",,,https://wheat-fox-641937.hostingersite.com/wp-content/uploads/2025/11/GGP250425_Product-Images_Name-Card_V3_Transluscent.png,,,,,,,,,0,,Quanity,"250, 500, 1000, 2500",1,0,,"Corners Radius","Rounded 1/8""",1,0,"Rounded 1/8""",0,default,default,default,default,default,59,set,yes,yes,Stock,"20pt Clear Plastic",1,0,Size,"3.5"" x 2",1,0,"3.5"" x 2","3.5"" x 2","20pt Clear Plastic",Turnaround,"4 Business Days",1,0,"4 Business Days",,,,,,,,,
3606,variable,,,"4mm Coroplast Signs",1,0,visible,,"Plastic Cards are waterproof, durable, and ideal for accentuating vibrant colors. Plastic Cards stand apart from traditional stock paper with a distinct texture and strength and are available in 20pt clear, frosted, or white. Get creative and pitch these as membership or loyalty cards—your customers will be thrilled that you did.",,,taxable,,1,,,0,0,,,,,1,,,,Signs,,,https://wheat-fox-641937.hostingersite.com/wp-content/uploads/2025/11/White-label_Real-Estate-Signage-_2_from_4over.png,,,,,,,,,0,,Quanity,"1, 2, 3, 4, 5, 6, 7, 8, 9, 10, 20, 30, 40, 50, 60, 70, 100, 200",1,0,,Stock,"4mm Coroplast",1,0,"4mm Coroplast",0,default,default,default,default,default,151,set,yes,yes,Turnaround,"2-4 Business Days",1,0,,,,,,,"2-4 Business Days",,,,,,,,,,,,,,
3677,variable,,,"Tax Affiliate Package",1,0,visible,,,,,taxable,,1,,,0,0,,,,,1,,,,"Large Format",,,https://wheat-fox-641937.hostingersite.com/wp-content/uploads/2025/11/Tax-Affiliates.png,,,,,,,,,0,,Turnaround,"4 Business Days",1,0,,,,,,,0,default,default,default,default,default,31,set,yes,yes,,,,,,,,,,,,,,,,,,,,,,,,,
3727,variation,,,"Standard Retractable Banner - 4 Business Days, 80"" x 33""",1,0,visible,,,,,taxable,parent,1,,,0,0,,,,,0,,,149.99,,,,,,,id:3272,,,,,,0,,Turnaround,"4 Business Days",,0,,Size,"80"" x 33""",,0,,,,,,,,,,,,,,,,,,,,,"80"" x 33""",,,,,,,,,,,,,,,
3725,variation,,,"Standard Retractable Banner - 4 Business Days",1,0,visible,,,,,taxable,parent,1,,,0,0,,,,,0,,,149.99,,,,,,,id:3272,,,,,,2,,Turnaround,"4 Business Days",,0,,Size,,,0,,,,,,,,,,,,,,,,,,,,,,,,,,,,,,,,,,,,
3720,variation,,,"Standard Business Cards",1,0,visible,,,,,taxable,parent,1,,,0,0,,,,,0,,,20,,,,,,,id:3336,,,,,,5,,Finish,,,0,,"Need Design","No\, I have a design",,0,,,,,,,,,,,,Quanity,250,,0,Turnaround,,,0,,,,,,,,,,,,,,,,,
3721,variation,,,"Standard Business Cards",1,0,visible,,,,,taxable,parent,1,,,0,0,,,,,0,,,25,,,,,,,id:3336,,,,,,6,,Finish,,,0,,"Need Design","No\, I have a design",,0,,,,,,,,,,,,Quanity,500,,0,Turnaround,,,0,,,,,,,,,,,,,,,,,
3722,variation,,,"Standard Business Cards",1,0,visible,,,,,taxable,parent,1,,,0,0,,,,,0,,,30,,,,,,,id:3336,,,,,,7,,Finish,,,0,,"Need Design","No\, I have a design",,0,,,,,,,,,,,,Quanity,1000,,0,Turnaround,,,0,,,,,,,,,,,,,,,,,
3723,variation,,,"Standard Business Cards",1,0,visible,,,,,taxable,parent,1,,,0,0,,,,,0,,,60,,,,,,,id:3336,,,,,,8,,Finish,,,0,,"Need Design","No\, I have a design",,0,,,,,,,,,,,,Quanity,2500,,0,Turnaround,,,0,,,,,,,,,,,,,,,,,
3716,variation,,,"Standard Business Cards",1,0,visible,,,,,taxable,parent,1,,,0,0,,,,,0,,,45,,,,,,,id:3336,,,,,,1,,Finish,,,0,,"Need Design","Yes\, I need a design",,0,,,,,,,,,,,,Quanity,250,,0,Turnaround,,,0,,,,,,,,,,,,,,,,,
3717,variation,,,"Standard Business Cards",1,0,visible,,,,,taxable,parent,1,,,0,0,,,,,0,,,50,,,,,,,id:3336,,,,,,2,,Finish,,,0,,"Need Design","Yes\, I need a design",,0,,,,,,,,,,,,Quanity,500,,0,Turnaround,,,0,,,,,,,,,,,,,,,,,
3718,variation,,,"Standard Business Cards",1,0,visible,,,,,taxable,parent,1,,,0,0,,,,,0,,,55,,,,,,,id:3336,,,,,,3,,Finish,,,0,,"Need Design","Yes\, I need a design",,0,,,,,,,,,,,,Quanity,1000,,0,Turnaround,,,0,,,,,,,,,,,,,,,,,
3719,variation,,,"Standard Business Cards",1,0,visible,,,,,taxable,parent,1,,,0,0,,,,,0,,,99,,,,,,,id:3336,,,,,,4,,Finish,,,0,,"Need Design","Yes\, I need a design",,0,,,,,,,,,,,,Quanity,2500,,0,Turnaround,,,0,,,,,,,,,,,,,,,,,
3385,variation,,,"X-Style Collapsible Outdoor Banner - 24 x 36",1,0,visible,,,,,taxable,parent,1,,,0,0,,,,,0,,,69.99,,,,,,,id:3383,,,,,,1,,Size,"24 x 36",,0,,Turnaround,,,0,,,,,,,,,,yes,yes,,,,,,,,,,"24 x 36",,,,,,,,,,,product,,,,
3432,variation,,,"Backdrop Banner Stands",1,0,visible,,,,,taxable,parent,1,,,0,0,,,,,0,,,300,,,,,,,id:3387,,,,,,1,,Size,"95"" x 96""",,0,,Stock,"130z Scrim Vinyl (Outdoor)",,0,,,,,,,,,,,,Turnaround,,,0,,,,,,"95"" x 96""",,,,,,,,,,,,,,,
3412,variation,,,"Standard Magnets",1,0,visible,,,,,taxable,parent,1,,,0,0,,,,,0,,,50,,,,,,,id:3390,,,,,,1,,Quanity,75,,0,,Size,,,0,,,,,,,,,,,,Turnaround,,,0,,,,,,,,,,,,,,,,,,,,,
3413,variation,,,"Standard Magnets",1,0,visible,,,,,taxable,parent,1,,,0,0,,,,,0,,,59,,,,,,,id:3390,,,,,,2,,Quanity,100,,0,,Size,,,0,,,,,,,,,,,,Turnaround,,,0,,,,,,,,,,,,,,,,,,,,,
3414,variation,,,"Standard Magnets",1,0,visible,,,,,taxable,parent,1,,,0,0,,,,,0,,,75,,,,,,,id:3390,,,,,,3,,Quanity,150,,0,,Size,,,0,,,,,,,,,,,,Turnaround,,,0,,,,,,,,,,,,,,,,,,,,,
3415,variation,,,"Standard Magnets",1,0,visible,,,,,taxable,parent,1,,,0,0,,,,,0,,,85,,,,,,,id:3390,,,,,,4,,Quanity,200,,0,,Size,,,0,,,,,,,,,,,,Turnaround,,,0,,,,,,,,,,,,,,,,,,,,,
3472,variation,,,"Car Door Magnets",1,0,visible,,,,,taxable,parent,1,,,0,0,,,,,0,,,25,,,,,,,id:3417,,,,,,1,,Stock,"30mil Magnet",,0,,Finish,"UV Coating",,0,,,,,,,,,,,,Size,"12"" x 24"" (Compact Cars)",,0,Turnaround,,,0,,"12"" x 24"" (Compact Cars)",,,,,,,,,,,,,,,
3473,variation,,,"Car Door Magnets",1,0,visible,,,,,taxable,parent,1,,,0,0,,,,,0,,,40,,,,,,,id:3417,,,,,,2,,Stock,"30mil Magnet",,0,,Finish,"UV Coating",,0,,,,,,,,,,,,Size,"18"" x 24"" (Medium Sized)",,0,Turnaround,,,0,,"18"" x 24"" (Medium Sized)",,,,,,,,,,,,,,,
3474,variation,,,"Car Door Magnets",1,0,visible,,,,,taxable,parent,1,,,0,0,,,,,0,,,55,,,,,,,id:3417,,,,,,3,,Stock,"30mil Magnet",,0,,Finish,"UV Coating",,0,,,,,,,,,,,,Size,"18"" x 36"" (Trucks/Vans)",,0,Turnaround,,,0,,"18"" x 36"" (Trucks/Vans)",,,,,,,,,,,,,,,
3686,variation,,,Tablecloths,1,0,visible,,,,,taxable,parent,1,,,0,0,,,,,0,,,399,,,,,,,id:3422,,,,,,8,,Size,"90"" x 136""",,0,,Stock,,,0,,,,,,,,,,,,"Thread Color","White Thread",,0,Turnaround,,,0,,"90"" x 136""",,,,,,,,,,,,,,,
3685,variation,,,Tablecloths,1,0,visible,,,,,taxable,parent,1,,,0,0,,,,,0,,,399,,,,,,,id:3422,,,,,,7,,Size,"90"" x 136""",,0,,Stock,,,0,,,,,,,,,,,,"Thread Color","Black Thread",,0,Turnaround,,,0,,"90"" x 136""",,,,,,,,,,,,,,,
3684,variation,,,Tablecloths,1,0,visible,,,,,taxable,parent,1,,,0,0,,,,,0,,,349,,,,,,,id:3422,,,,,,6,,Size,"90"" x 132""",,0,,Stock,,,0,,,,,,,,,,,,"Thread Color","White Thread",,0,Turnaround,,,0,,"90"" x 132""",,,,,,,,,,,,,,,
3683,variation,,,Tablecloths,1,0,visible,,,,,taxable,parent,1,,,0,0,,,,,0,,,349,,,,,,,id:3422,,,,,,5,,Size,"90"" x 132""",,0,,Stock,,,0,,,,,,,,,,,,"Thread Color","Black Thread",,0,Turnaround,,,0,,"90"" x 132""",,,,,,,,,,,,,,,
3682,variation,,,Tablecloths,1,0,visible,,,,,taxable,parent,1,,,0,0,,,,,0,,,299,,,,,,,id:3422,,,,,,4,,Size,"68"" x 156""",,0,,Stock,,,0,,,,,,,,,,,,"Thread Color","White Thread",,0,Turnaround,,,0,,"68"" x 156""",,,,,,,,,,,,,,,
3681,variation,,,Tablecloths,1,0,visible,,,,,taxable,parent,1,,,0,0,,,,,0,,,299,,,,,,,id:3422,,,,,,3,,Size,"68"" x 156""",,0,,Stock,,,0,,,,,,,,,,,,"Thread Color","Black Thread",,0,Turnaround,,,0,,"68"" x 156""",,,,,,,,,,,,,,,
3680,variation,,,Tablecloths,1,0,visible,,,,,taxable,parent,1,,,0,0,,,,,0,,,250,,,,,,,id:3422,,,,,,2,,Size,"68"" x 132""",,0,,Stock,,,0,,,,,,,,,,,,"Thread Color","White Thread",,0,Turnaround,,,0,,"68"" x 132""",,,,,,,,,,,,,,,
3679,variation,,,Tablecloths,1,0,visible,,,,,taxable,parent,1,,,0,0,,,,,0,,,250,,,,,,,id:3422,,,,,,1,,Size,"68"" x 132""",,0,,Stock,,,0,,,,,,,,,,,,"Thread Color","Black Thread",,0,Turnaround,,,0,,"68"" x 132""",,,,,,,,,,,,,,,
3426,variation,,,Tablecloths,1,0,visible,,,,,taxable,parent,1,,,0,0,,,,,0,,,399,,,,,,,id:3422,,,,,,12,,Size,"90"" x 136""",,0,,Stock,,,0,,,,,,,,,,,,"Thread Color",,,0,Turnaround,,,0,,"90"" x 136""",,,,,,,,,,,,,,,
3425,variation,,,Tablecloths,1,0,visible,,,,,taxable,parent,1,,,0,0,,,,,0,,,349,,,,,,,id:3422,,,,,,11,,Size,"90"" x 132""",,0,,Stock,,,0,,,,,,,,,,,,"Thread Color",,,0,Turnaround,,,0,,"90"" x 132""",,,,,,,,,,,,,,,
3424,variation,,,Tablecloths,1,0,visible,,,,,taxable,parent,1,,,0,0,,,,,0,,,299,,,,,,,id:3422,,,,,,10,,Size,"68"" x 156""",,0,,Stock,,,0,,,,,,,,,,,,"Thread Color",,,0,Turnaround,,,0,,"68"" x 156""",,,,,,,,,,,,,,,
3423,variation,,,Tablecloths,1,0,visible,,,,,taxable,parent,1,,,0,0,,,,,0,,,250,,,,,,,id:3422,,,,,,9,,Size,"68"" x 132""",,0,,Stock,,,0,,,,,,,,,,,,"Thread Color",,,0,Turnaround,,,0,,"68"" x 132""",,,,,,,,,,,,,,,
3440,variation,,,"4x6 Table Tents",1,0,visible,,,,,taxable,parent,1,,,0,0,,,,,0,,,99,,,,,,,id:3434,,,,,,1,,Quanity,75,,0,,Size,"4"" x 6""",,0,,,,,,,,,,,,Stock,,,0,Finish,,,0,,"4"" x 6""",,Turnaround,,,0,,,,,,,,,,
3441,variation,,,"4x6 Table Tents",1,0,visible,,,,,taxable,parent,1,,,0,0,,,,,0,,,109,,,,,,,id:3434,,,,,,2,,Quanity,100,,0,,Size,"4"" x 6""",,0,,,,,,,,,,,,Stock,,,0,Finish,,,0,,"4"" x 6""",,Turnaround,,,0,,,,,,,,,,
3442,variation,,,"4x6 Table Tents",1,0,visible,,,,,taxable,parent,1,,,0,0,,,,,0,,,225,,,,,,,id:3434,,,,,,3,,Quanity,250,,0,,Size,"4"" x 6""",,0,,,,,,,,,,,,Stock,,,0,Finish,,,0,,"4"" x 6""",,Turnaround,,,0,,,,,,,,,,
3443,variation,,,"4x6 Table Tents",1,0,visible,,,,,taxable,parent,1,,,0,0,,,,,0,,,250,,,,,,,id:3434,,,,,,4,,Quanity,500,,0,,Size,"4"" x 6""",,0,,,,,,,,,,,,Stock,,,0,Finish,,,0,,"4"" x 6""",,Turnaround,,,0,,,,,,,,,,
3445,variation,,,"Sidewalk Signs",1,0,visible,,,,,taxable,parent,1,,,0,0,,,,,0,,,125,,,,,,,id:3444,,,,,,1,,Size,"24"" x 18""",,0,,Stock,"4mm White Coroplast",,0,,,,,,,,,,,,Turnaround,,,0,,,,,,"24"" x 18""",,,,,,,,,,,,,,,
3587,variation,,,Postcards/Flyers,1,0,visible,,,,,taxable,parent,1,,,0,0,,,,,0,,,125,,,,,,,id:3475,,,,,,48,,Finish,Matte,,0,,"Need Design","No\, I have a design.",,0,,,,,,,,,,,,Quanity,2500,,0,Size,"4"" x 4""",,0,,"4"" x 4""",,Cardstock,16pt,,0,,Turnaround,,,0,,,,,
3575,variation,,,Postcards/Flyers,1,0,visible,,,,,taxable,parent,1,,,0,0,,,,,0,,,149,,,,,,,id:3475,,,,,,36,,Finish,Matte,,0,,"Need Design","Yes\, I need a design.",,0,,,,,,,,,,,,Quanity,2500,,0,Size,"4"" x 4""",,0,,"4"" x 4""",,Cardstock,16pt,,0,,Turnaround,,,0,,,,,
3574,variation,,,Postcards/Flyers,1,0,visible,,,,,taxable,parent,1,,,0,0,,,,,0,,,209,,,,,,,id:3475,,,,,,35,,Finish,Matte,,0,,"Need Design","Yes\, I need a design.",,0,,,,,,,,,,,,Quanity,2500,,0,Size,"5""x 8""",,0,,"5""x 8""",,Cardstock,16pt,,0,,Turnaround,,,0,,,,,
3573,variation,,,Postcards/Flyers,1,0,visible,,,,,taxable,parent,1,,,0,0,,,,,0,,,150,,,,,,,id:3475,,,,,,34,,Finish,Matte,,0,,"Need Design","Yes\, I need a design.",,0,,,,,,,,,,,,Quanity,2500,,0,Size,"4"" x 6""",,0,,"4"" x 6""",,Cardstock,16pt,,0,,Turnaround,,,0,,,,,
3572,variation,,,Postcards/Flyers,1,0,visible,,,,,taxable,parent,1,,,0,0,,,,,0,,,99,,,,,,,id:3475,,,,,,33,,Finish,Matte,,0,,"Need Design","Yes\, I need a design.",,0,,,,,,,,,,,,Quanity,1000,,0,Size,"4"" x 4""",,0,,"4"" x 4""",,Cardstock,16pt,,0,,Turnaround,,,0,,,,,
3571,variation,,,Postcards/Flyers,1,0,visible,,,,,taxable,parent,1,,,0,0,,,,,0,,,139,,,,,,,id:3475,,,,,,32,,Finish,Matte,,0,,"Need Design","Yes\, I need a design.",,0,,,,,,,,,,,,Quanity,1000,,0,Size,"5""x 8""",,0,,"5""x 8""",,Cardstock,16pt,,0,,Turnaround,,,0,,,,,
3570,variation,,,Postcards/Flyers,1,0,visible,,,,,taxable,parent,1,,,0,0,,,,,0,,,99,,,,,,,id:3475,,,,,,31,,Finish,Matte,,0,,"Need Design","Yes\, I need a design.",,0,,,,,,,,,,,,Quanity,1000,,0,Size,"4"" x 6""",,0,,"4"" x 6""",,Cardstock,16pt,,0,,Turnaround,,,0,,,,,
3569,variation,,,Postcards/Flyers,1,0,visible,,,,,taxable,parent,1,,,0,0,,,,,0,,,89,,,,,,,id:3475,,,,,,30,,Finish,Matte,,0,,"Need Design","Yes\, I need a design.",,0,,,,,,,,,,,,Quanity,500,,0,Size,"4"" x 4""",,0,,"4"" x 4""",,Cardstock,16pt,,0,,Turnaround,,,0,,,,,
3568,variation,,,Postcards/Flyers,1,0,visible,,,,,taxable,parent,1,,,0,0,,,,,0,,,125,,,,,,,id:3475,,,,,,29,,Finish,Matte,,0,,"Need Design","Yes\, I need a design.",,0,,,,,,,,,,,,Quanity,500,,0,Size,"5""x 8""",,0,,"5""x 8""",,Cardstock,16pt,,0,,Turnaround,,,0,,,,,
3567,variation,,,Postcards/Flyers,1,0,visible,,,,,taxable,parent,1,,,0,0,,,,,0,,,79,,,,,,,id:3475,,,,,,28,,Finish,Matte,,0,,"Need Design","Yes\, I need a design.",,0,,,,,,,,,,,,Quanity,500,,0,Size,"4"" x 6""",,0,,"4"" x 6""",,Cardstock,16pt,,0,,Turnaround,,,0,,,,,
3566,variation,,,Postcards/Flyers,1,0,visible,,,,,taxable,parent,1,,,0,0,,,,,0,,,69,,,,,,,id:3475,,,,,,27,,Finish,Matte,,0,,"Need Design","Yes\, I need a design.",,0,,,,,,,,,,,,Quanity,250,,0,Size,"4"" x 4""",,0,,"4"" x 4""",,Cardstock,16pt,,0,,Turnaround,,,0,,,,,
3576,variation,,,Postcards/Flyers,1,0,visible,,,,,taxable,parent,1,,,0,0,,,,,0,,,50,,,,,,,id:3475,,,,,,37,,Finish,Matte,,0,,"Need Design","No\, I have a design.",,0,,,,,,,,,,,,Quanity,250,,0,Size,"4"" x 6""",,0,,"4"" x 6""",,Cardstock,16pt,,0,,Turnaround,,,0,,,,,
3577,variation,,,Postcards/Flyers,1,0,visible,,,,,taxable,parent,1,,,0,0,,,,,0,,,72,,,,,,,id:3475,,,,,,38,,Finish,Matte,,0,,"Need Design","No\, I have a design.",,0,,,,,,,,,,,,Quanity,250,,0,Size,"5""x 8""",,0,,"5""x 8""",,Cardstock,16pt,,0,,Turnaround,,,0,,,,,
3586,variation,,,Postcards/Flyers,1,0,visible,,,,,taxable,parent,1,,,0,0,,,,,0,,,189,,,,,,,id:3475,,,,,,47,,Finish,Matte,,0,,"Need Design","No\, I have a design.",,0,,,,,,,,,,,,Quanity,2500,,0,Size,"5""x 8""",,0,,"5""x 8""",,Cardstock,16pt,,0,,Turnaround,,,0,,,,,
3585,variation,,,Postcards/Flyers,1,0,visible,,,,,taxable,parent,1,,,0,0,,,,,0,,,125,,,,,,,id:3475,,,,,,46,,Finish,Matte,,0,,"Need Design","No\, I have a design.",,0,,,,,,,,,,,,Quanity,2500,,0,Size,"4"" x 6""",,0,,"4"" x 6""",,Cardstock,16pt,,0,,Turnaround,,,0,,,,,
3584,variation,,,Postcards/Flyers,1,0,visible,,,,,taxable,parent,1,,,0,0,,,,,0,,,79,,,,,,,id:3475,,,,,,45,,Finish,Matte,,0,,"Need Design","No\, I have a design.",,0,,,,,,,,,,,,Quanity,1000,,0,Size,"4"" x 4""",,0,,"4"" x 4""",,Cardstock,16pt,,0,,Turnaround,,,0,,,,,
3583,variation,,,Postcards/Flyers,1,0,visible,,,,,taxable,parent,1,,,0,0,,,,,0,,,115,,,,,,,id:3475,,,,,,44,,Finish,Matte,,0,,"Need Design","No\, I have a design.",,0,,,,,,,,,,,,Quanity,1000,,0,Size,"5""x 8""",,0,,"5""x 8""",,Cardstock,16pt,,0,,Turnaround,,,0,,,,,
3582,variation,,,Postcards/Flyers,1,0,visible,,,,,taxable,parent,1,,,0,0,,,,,0,,,79,,,,,,,id:3475,,,,,,43,,Finish,Matte,,0,,"Need Design","No\, I have a design.",,0,,,,,,,,,,,,Quanity,1000,,0,Size,"4"" x 6""",,0,,"4"" x 6""",,Cardstock,16pt,,0,,Turnaround,,,0,,,,,
3581,variation,,,Postcards/Flyers,1,0,visible,,,,,taxable,parent,1,,,0,0,,,,,0,,,69,,,,,,,id:3475,,,,,,42,,Finish,Matte,,0,,"Need Design","No\, I have a design.",,0,,,,,,,,,,,,Quanity,500,,0,Size,"4"" x 4""",,0,,"4"" x 4""",,Cardstock,16pt,,0,,Turnaround,,,0,,,,,
3580,variation,,,Postcards/Flyers,1,0,visible,,,,,taxable,parent,1,,,0,0,,,,,0,,,99,,,,,,,id:3475,,,,,,41,,Finish,Matte,,0,,"Need Design","No\, I have a design.",,0,,,,,,,,,,,,Quanity,500,,0,Size,"5""x 8""",,0,,"5""x 8""",,Cardstock,16pt,,0,,Turnaround,,,0,,,,,
3579,variation,,,Postcards/Flyers,1,0,visible,,,,,taxable,parent,1,,,0,0,,,,,0,,,69,,,,,,,id:3475,,,,,,40,,Finish,Matte,,0,,"Need Design","No\, I have a design.",,0,,,,,,,,,,,,Quanity,500,,0,Size,"4"" x 6""",,0,,"4"" x 6""",,Cardstock,16pt,,0,,Turnaround,,,0,,,,,
3578,variation,,,Postcards/Flyers,1,0,visible,,,,,taxable,parent,1,,,0,0,,,,,0,,,50,,,,,,,id:3475,,,,,,39,,Finish,Matte,,0,,"Need Design","No\, I have a design.",,0,,,,,,,,,,,,Quanity,250,,0,Size,"4"" x 4""",,0,,"4"" x 4""",,Cardstock,16pt,,0,,Turnaround,,,0,,,,,
3558,variation,,,Postcards/Flyers,1,0,visible,,,,,taxable,parent,1,,,0,0,,,,,0,,,79,,,,,,,id:3475,,,,,,19,,Finish,"UV Coated",,0,,"Need Design","No\, I have a design.",,0,,,,,,,,,,,,Quanity,1000,,0,Size,"4"" x 6""",,0,,"4"" x 6""",,Cardstock,16pt,,0,,Turnaround,,,0,,,,,
3546,variation,,,Postcards/Flyers,1,0,visible,,,,,taxable,parent,1,,,0,0,,,,,0,,,99,,,,,,,id:3475,,,,,,10,,Finish,"UV Coated",,0,,"Need Design","Yes\, I need a design.",,0,,,,,,,,,,,,Quanity,1000,,0,Size,"4"" x 6""",,0,,"4"" x 6""",,Cardstock,16pt,,0,,Turnaround,,,0,,,,,
3565,variation,,,Postcards/Flyers,1,0,visible,,,,,taxable,parent,1,,,0,0,,,,,0,,,99,,,,,,,id:3475,,,,,,26,,Finish,Matte,,0,,"Need Design","Yes\, I need a design.",,0,,,,,,,,,,,,Quanity,250,,0,Size,"5""x 8""",,0,,"5""x 8""",,Cardstock,16pt,,0,,Turnaround,,,0,,,,,
3564,variation,,,Postcards/Flyers,1,0,visible,,,,,taxable,parent,1,,,0,0,,,,,0,,,75,,,,,,,id:3475,,,,,,25,,Finish,Matte,,0,,"Need Design","Yes\, I need a design.",,0,,,,,,,,,,,,Quanity,250,,0,Size,"4"" x 6""",,0,,"4"" x 6""",,Cardstock,16pt,,0,,Turnaround,,,0,,,,,
3550,variation,,,Postcards/Flyers,1,0,visible,,,,,taxable,parent,1,,,0,0,,,,,0,,,199,,,,,,,id:3475,,,,,,14,,Finish,"UV Coated",,0,,"Need Design","Yes\, I need a design.",,0,,,,,,,,,,,,Quanity,2500,,0,Size,"5""x 8""",,0,,"5""x 8""",,Cardstock,16pt,,0,,Turnaround,,,0,,,,,
3549,variation,,,Postcards/Flyers,1,0,visible,,,,,taxable,parent,1,,,0,0,,,,,0,,,150,,,,,,,id:3475,,,,,,13,,Finish,"UV Coated",,0,,"Need Design","Yes\, I need a design.",,0,,,,,,,,,,,,Quanity,2500,,0,Size,"4"" x 6""",,0,,"4"" x 6""",,Cardstock,16pt,,0,,Turnaround,,,0,,,,,
3548,variation,,,Postcards/Flyers,1,0,visible,,,,,taxable,parent,1,,,0,0,,,,,0,,,99,,,,,,,id:3475,,,,,,12,,Finish,"UV Coated",,0,,"Need Design","Yes\, I need a design.",,0,,,,,,,,,,,,Quanity,1000,,0,Size,"4"" x 4""",,0,,"4"" x 4""",,Cardstock,16pt,,0,,Turnaround,,,0,,,,,
3547,variation,,,Postcards/Flyers,1,0,visible,,,,,taxable,parent,1,,,0,0,,,,,0,,,139,,,,,,,id:3475,,,,,,11,,Finish,"UV Coated",,0,,"Need Design","Yes\, I need a design.",,0,,,,,,,,,,,,Quanity,1000,,0,Size,"5""x 8""",,0,,"5""x 8""",,Cardstock,16pt,,0,,Turnaround,,,0,,,,,
3545,variation,,,Postcards/Flyers,1,0,visible,,,,,taxable,parent,1,,,0,0,,,,,0,,,99,,,,,,,id:3475,,,,,,9,,Finish,"UV Coated",,0,,"Need Design","Yes\, I need a design.",,0,,,,,,,,,,,,Quanity,500,,0,Size,"4"" x 4""",,0,,"4"" x 4""",,Cardstock,16pt,,0,,Turnaround,,,0,,,,,
3544,variation,,,Postcards/Flyers,1,0,visible,,,,,taxable,parent,1,,,0,0,,,,,0,,,125,,,,,,,id:3475,,,,,,8,,Finish,"UV Coated",,0,,"Need Design","Yes\, I need a design.",,0,,,,,,,,,,,,Quanity,500,,0,Size,"5""x 8""",,0,,"5""x 8""",,Cardstock,16pt,,0,,Turnaround,,,0,,,,,
3543,variation,,,Postcards/Flyers,1,0,visible,,,,,taxable,parent,1,,,0,0,,,,,0,,,99,,,,,,,id:3475,,,,,,7,,Finish,"UV Coated",,0,,"Need Design","Yes\, I need a design.",,0,,,,,,,,,,,,Quanity,500,,0,Size,"4"" x 6""",,0,,"4"" x 6""",,Cardstock,16pt,,0,,Turnaround,,,0,,,,,
3542,variation,,,Postcards/Flyers,1,0,visible,,,,,taxable,parent,1,,,0,0,,,,,0,,,75,,,,,,,id:3475,,,,,,6,,Finish,"UV Coated",,0,,"Need Design","Yes\, I need a design.",,0,,,,,,,,,,,,Quanity,250,,0,Size,"4"" x 4""",,0,,"4"" x 4""",,Cardstock,16pt,,0,,Turnaround,,,0,,,,,
3541,variation,,,Postcards/Flyers,1,0,visible,,,,,taxable,parent,1,,,0,0,,,,,0,,,99,,,,,,,id:3475,,,,,,5,,Finish,"UV Coated",,0,,"Need Design","Yes\, I need a design.",,0,,,,,,,,,,,,Quanity,250,,0,Size,"5""x 8""",,0,,"5""x 8""",,Cardstock,16pt,,0,,Turnaround,,,0,,,,,
3551,variation,,,Postcards/Flyers,1,0,visible,,,,,taxable,parent,1,,,0,0,,,,,0,,,99,,,,,,,id:3475,,,,,,15,,Finish,"UV Coated",,0,,"Need Design","Yes\, I need a design.",,0,,,,,,,,,,,,Quanity,2500,,0,Size,"4"" x 4""",,0,,"4"" x 4""",,Cardstock,16pt,,0,,Turnaround,,,0,,,,,
3552,variation,,,Postcards/Flyers,1,0,visible,,,,,taxable,parent,1,,,0,0,,,,,0,,,68,,,,,,,id:3475,,,,,,1,,Finish,"UV Coated",,0,,"Need Design","No\, I have a design.",,0,,,,,,,,,,,,Quanity,250,,0,Size,"4"" x 6""",,0,,"4"" x 6""",,Cardstock,16pt,,0,,Turnaround,,,0,,,,,
3553,variation,,,Postcards/Flyers,1,0,visible,,,,,taxable,parent,1,,,0,0,,,,,0,,,75,,,,,,,id:3475,,,,,,2,,Finish,"UV Coated",,0,,"Need Design","No\, I have a design.",,0,,,,,,,,,,,,Quanity,250,,0,Size,"5""x 8""",,0,,"5""x 8""",,Cardstock,16pt,,0,,Turnaround,,,0,,,,,
3563,variation,,,Postcards/Flyers,1,0,visible,,,,,taxable,parent,1,,,0,0,,,,,0,,,125,,,,,,,id:3475,,,,,,24,,Finish,"UV Coated",,0,,"Need Design","No\, I have a design.",,0,,,,,,,,,,,,Quanity,2500,,0,Size,"4"" x 4""",,0,,"4"" x 4""",,Cardstock,16pt,,0,,Turnaround,,,0,,,,,
3562,variation,,,Postcards/Flyers,1,0,visible,,,,,taxable,parent,1,,,0,0,,,,,0,,,189,,,,,,,id:3475,,,,,,23,,Finish,"UV Coated",,0,,"Need Design","No\, I have a design.",,0,,,,,,,,,,,,Quanity,2500,,0,Size,"5""x 8""",,0,,"5""x 8""",,Cardstock,16pt,,0,,Turnaround,,,0,,,,,
3561,variation,,,Postcards/Flyers,1,0,visible,,,,,taxable,parent,1,,,0,0,,,,,0,,,125,,,,,,,id:3475,,,,,,22,,Finish,"UV Coated",,0,,"Need Design","No\, I have a design.",,0,,,,,,,,,,,,Quanity,2500,,0,Size,"4"" x 6""",,0,,"4"" x 6""",,Cardstock,16pt,,0,,Turnaround,,,0,,,,,
3560,variation,,,Postcards/Flyers,1,0,visible,,,,,taxable,parent,1,,,0,0,,,,,0,,,77,,,,,,,id:3475,,,,,,21,,Finish,"UV Coated",,0,,"Need Design","No\, I have a design.",,0,,,,,,,,,,,,Quanity,1000,,0,Size,"4"" x 4""",,0,,"4"" x 4""",,Cardstock,16pt,,0,,Turnaround,,,0,,,,,
3559,variation,,,Postcards/Flyers,1,0,visible,,,,,taxable,parent,1,,,0,0,,,,,0,,,115,,,,,,,id:3475,,,,,,20,,Finish,"UV Coated",,0,,"Need Design","No\, I have a design.",,0,,,,,,,,,,,,Quanity,1000,,0,Size,"5""x 8""",,0,,"5""x 8""",,Cardstock,16pt,,0,,Turnaround,,,0,,,,,
3557,variation,,,Postcards/Flyers,1,0,visible,,,,,taxable,parent,1,,,0,0,,,,,0,,,68,,,,,,,id:3475,,,,,,18,,Finish,"UV Coated",,0,,"Need Design","No\, I have a design.",,0,,,,,,,,,,,,Quanity,500,,0,Size,"4"" x 4""",,0,,"4"" x 4""",,Cardstock,16pt,,0,,Turnaround,,,0,,,,,
3556,variation,,,Postcards/Flyers,1,0,visible,,,,,taxable,parent,1,,,0,0,,,,,0,,,99,,,,,,,id:3475,,,,,,17,,Finish,"UV Coated",,0,,"Need Design","No\, I have a design.",,0,,,,,,,,,,,,Quanity,500,,0,Size,"5""x 8""",,0,,"5""x 8""",,Cardstock,16pt,,0,,Turnaround,,,0,,,,,
3555,variation,,,Postcards/Flyers,1,0,visible,,,,,taxable,parent,1,,,0,0,,,,,0,,,68,,,,,,,id:3475,,,,,,16,,Finish,"UV Coated",,0,,"Need Design","No\, I have a design.",,0,,,,,,,,,,,,Quanity,500,,0,Size,"4"" x 6""",,0,,"4"" x 6""",,Cardstock,16pt,,0,,Turnaround,,,0,,,,,
3554,variation,,,Postcards/Flyers,1,0,visible,,,,,taxable,parent,1,,,0,0,,,,,0,,,50,,,,,,,id:3475,,,,,,3,,Finish,"UV Coated",,0,,"Need Design","No\, I have a design.",,0,,,,,,,,,,,,Quanity,250,,0,Size,"4"" x 4""",,0,,"4"" x 4""",,Cardstock,16pt,,0,,Turnaround,,,0,,,,,
3540,variation,,,Postcards/Flyers,1,0,visible,,,,,taxable,parent,1,,,0,0,,,,,0,,,75,,,,,,,id:3475,,,,,,4,,Finish,"UV Coated",,0,,"Need Design","Yes\, I need a design.",,0,,,,,,,,,,,,Quanity,250,,0,Size,"4"" x 6""",,0,,"4"" x 6""",,Cardstock,16pt,,0,,Turnaround,,,0,,,,,
3652,variation,,,"Clear Plastic Business Cards",1,0,visible,,,,,taxable,parent,1,,,0,0,,,,,0,,,199,,,,,,,id:3589,,,,,,1,,Quanity,250,,0,,"Corners Radius","Rounded 1/8""",,0,,,,,,,,,,yes,yes,Stock,"20pt Clear Plastic",,0,Size,"3.5"" x 2",,0,,"3.5"" x 2",,Turnaround,,,0,,,,,,product,,,,
3653,variation,,,"Clear Plastic Business Cards",1,0,visible,,,,,taxable,parent,1,,,0,0,,,,,0,,,250,,,,,,,id:3589,,,,,,2,,Quanity,500,,0,,"Corners Radius","Rounded 1/8""",,0,,,,,,,,,,yes,yes,Stock,"20pt Clear Plastic",,0,Size,"3.5"" x 2",,0,,"3.5"" x 2",,Turnaround,,,0,,,,,,product,,,,
3654,variation,,,"Clear Plastic Business Cards",1,0,visible,,,,,taxable,parent,1,,,0,0,,,,,0,,,319,,,,,,,id:3589,,,,,,3,,Quanity,1000,,0,,"Corners Radius","Rounded 1/8""",,0,,,,,,,,,,yes,yes,Stock,"20pt Clear Plastic",,0,Size,"3.5"" x 2",,0,,"3.5"" x 2",,Turnaround,,,0,,,,,,product,,,,
3655,variation,,,"Clear Plastic Business Cards",1,0,visible,,,,,taxable,parent,1,,,0,0,,,,,0,,,750,,,,,,,id:3589,,,,,,4,,Quanity,2500,,0,,"Corners Radius","Rounded 1/8""",,0,,,,,,,,,,yes,yes,Stock,"20pt Clear Plastic",,0,Size,"3.5"" x 2",,0,,"3.5"" x 2",,Turnaround,,,0,,,,,,product,,,,
3641,variation,,,"4mm Coroplast Signs",1,0,visible,,,,,taxable,parent,1,,,0,0,,,,,0,,,1884,,,,,,,id:3606,,,,,,5,,Quanity,200,,0,,Stock,"4mm Coroplast",,0,,,,,,,,,,,,Turnaround,,,0,,,,,,,,,,,,,,,,,,,,,
3640,variation,,,"4mm Coroplast Signs",1,0,visible,,,,,taxable,parent,1,,,0,0,,,,,0,,,942,,,,,,,id:3606,,,,,,4,,Quanity,100,,0,,Stock,"4mm Coroplast",,0,,,,,,,,,,,,Turnaround,,,0,,,,,,,,,,,,,,,,,,,,,
3639,variation,,,"4mm Coroplast Signs",1,0,visible,,,,,taxable,parent,1,,,0,0,,,,,0,,,699,,,,,,,id:3606,,,,,,3,,Quanity,70,,0,,Stock,"4mm Coroplast",,0,,,,,,,,,,,,Turnaround,,,0,,,,,,,,,,,,,,,,,,,,,
3638,variation,,,"4mm Coroplast Signs",1,0,visible,,,,,taxable,parent,1,,,0,0,,,,,0,,,601,,,,,,,id:3606,,,,,,2,,Quanity,60,,0,,Stock,"4mm Coroplast",,0,,,,,,,,,,,,Turnaround,,,0,,,,,,,,,,,,,,,,,,,,,
3637,variation,,,"4mm Coroplast Signs",1,0,visible,,,,,taxable,parent,1,,,0,0,,,,,0,,,528,,,,,,,id:3606,,,,,,1,,Quanity,50,,0,,Stock,"4mm Coroplast",,0,,,,,,,,,,,,Turnaround,,,0,,,,,,,,,,,,,,,,,,,,,
3636,variation,,,"4mm Coroplast Signs",1,0,visible,,,,,taxable,parent,1,,,0,0,,,,,0,,,429,,,,,,,id:3606,,,,,,18,,Quanity,40,,0,,Stock,"4mm Coroplast",,0,,,,,,,,,,,,Turnaround,,,0,,,,,,,,,,,,,,,,,,,,,
3635,variation,,,"4mm Coroplast Signs",1,0,visible,,,,,taxable,parent,1,,,0,0,,,,,0,,,315,,,,,,,id:3606,,,,,,17,,Quanity,30,,0,,Stock,"4mm Coroplast",,0,,,,,,,,,,,,Turnaround,,,0,,,,,,,,,,,,,,,,,,,,,
3634,variation,,,"4mm Coroplast Signs",1,0,visible,,,,,taxable,parent,1,,,0,0,,,,,0,,,222,,,,,,,id:3606,,,,,,16,,Quanity,20,,0,,Stock,"4mm Coroplast",,0,,,,,,,,,,,,Turnaround,,,0,,,,,,,,,,,,,,,,,,,,,
3633,variation,,,"4mm Coroplast Signs",1,0,visible,,,,,taxable,parent,1,,,0,0,,,,,0,,,110,,,,,,,id:3606,,,,,,15,,Quanity,10,,0,,Stock,"4mm Coroplast",,0,,,,,,,,,,,,Turnaround,,,0,,,,,,,,,,,,,,,,,,,,,
3632,variation,,,"4mm Coroplast Signs",1,0,visible,,,,,taxable,parent,1,,,0,0,,,,,0,,,99,,,,,,,id:3606,,,,,,14,,Quanity,9,,0,,Stock,"4mm Coroplast",,0,,,,,,,,,,,,Turnaround,,,0,,,,,,,,,,,,,,,,,,,,,
3631,variation,,,"4mm Coroplast Signs",1,0,visible,,,,,taxable,parent,1,,,0,0,,,,,0,,,88,,,,,,,id:3606,,,,,,13,,Quanity,8,,0,,Stock,"4mm Coroplast",,0,,,,,,,,,,,,Turnaround,,,0,,,,,,,,,,,,,,,,,,,,,
3630,variation,,,"4mm Coroplast Signs",1,0,visible,,,,,taxable,parent,1,,,0,0,,,,,0,,,77,,,,,,,id:3606,,,,,,12,,Quanity,7,,0,,Stock,"4mm Coroplast",,0,,,,,,,,,,,,Turnaround,,,0,,,,,,,,,,,,,,,,,,,,,
3629,variation,,,"4mm Coroplast Signs",1,0,visible,,,,,taxable,parent,1,,,0,0,,,,,0,,,66,,,,,,,id:3606,,,,,,11,,Quanity,6,,0,,Stock,"4mm Coroplast",,0,,,,,,,,,,,,Turnaround,,,0,,,,,,,,,,,,,,,,,,,,,
3628,variation,,,"4mm Coroplast Signs",1,0,visible,,,,,taxable,parent,1,,,0,0,,,,,0,,,55,,,,,,,id:3606,,,,,,10,,Quanity,5,,0,,Stock,"4mm Coroplast",,0,,,,,,,,,,,,Turnaround,,,0,,,,,,,,,,,,,,,,,,,,,
3627,variation,,,"4mm Coroplast Signs",1,0,visible,,,,,taxable,parent,1,,,0,0,,,,,0,,,44,,,,,,,id:3606,,,,,,9,,Quanity,4,,0,,Stock,"4mm Coroplast",,0,,,,,,,,,,,,Turnaround,,,0,,,,,,,,,,,,,,,,,,,,,
3626,variation,,,"4mm Coroplast Signs",1,0,visible,,,,,taxable,parent,1,,,0,0,,,,,0,,,33,,,,,,,id:3606,,,,,,8,,Quanity,3,,0,,Stock,"4mm Coroplast",,0,,,,,,,,,,,,Turnaround,,,0,,,,,,,,,,,,,,,,,,,,,
3625,variation,,,"4mm Coroplast Signs",1,0,visible,,,,,taxable,parent,1,,,0,0,,,,,0,,,22,,,,,,,id:3606,,,,,,7,,Quanity,2,,0,,Stock,"4mm Coroplast",,0,,,,,,,,,,,,Turnaround,,,0,,,,,,,,,,,,,,,,,,,,,
3624,variation,,,"4mm Coroplast Signs",1,0,visible,,,,,taxable,parent,1,,,0,0,,,,,0,,,15,,,,,,,id:3606,,,,,,6,,Quanity,1,,0,,Stock,"4mm Coroplast",,0,,,,,,,,,,,,Turnaround,,,0,,,,,,,,,,,,,,,,,,,,,
3697,variation,,,"Tax Affiliate Package - 4 Business Days",1,0,visible,,,,,taxable,parent,1,,,0,0,,,,,0,,499,600,,,,,,,id:3677,,,,,,1,,Turnaround,"4 Business Days",,0,,,,,,,,,,,,,,,,,,,,,,,,,,,,,,,,,,,,,,,,,
